Workbook

Sheet Resumo
B2: DFS × BFS no labirinto | D2: BFS = Busca em Largura | E2: DFS = Busca em Profundidade | R2: Métrica | S2: DFS | T2: BFS
B3: Comparação das duas buscas | R3: Tempo médio | S3: =C6 -> 0.0080055 | T3: =D6 -> 0.009720625
B5: Indicador | C5: DFS | D5: BFS | E5: Unidade
B6: Tempo médio | C6: =Medições!C21 -> 0.0080055 | D6: =Medições!D21 -> 0.009720625 | E6: ms | R6: Métrica | S6: DFS | T6: BFS
B7: Desvio padrão do tempo | C7: =Medições!C22 -> 0.00028198936 | D7: =Medições!D22 -> 0.00033959006 | E7: ms | R7: Memória média | S7: =C8 -> 1.086 | T7: =D8 -> 2.117
B8: Memória média | C8: =Medições!E21 -> 1.086 | D8: =Medições!F21 -> 2.117 | E8: KiB
B9: Desvio padrão da memória | C9: =Medições!E22 -> 0 | D9: =Medições!F22 -> 0 | E9: KiB
B10: Posições examinadas | C10: 9 | D10: 11 | E10: posições | R10: Métrica | S10: DFS | T10: BFS
B11: Movimentos do caminho | C11: 8 | D11: 8 | E11: movimentos | R11: Posições | S11: =C10 -> 9 | T11: =D10 -> 11
B12: Encontrou a saída? | C12: Sim | D12: Sim
B14: Neste labirinto, a DFS examinou 9 posições e a BFS examinou 11. As duas encontraram 8 movimentos.
J34: Como ler
J35: Menor tempo e menor memória significam menor custo neste teste.
J36: Posições examinadas contam a exploração até encontrar a saída.
J37: Movimentos contam apenas o caminho final.

Sheet Medições
B2: Medições do benchmark
B3: Labirinto 5 × 5 · dados informados nesta conversa
B5: Amostra | C5: DFS tempo (ms) | D5: BFS tempo (ms) | E5: DFS memória (KiB) | F5: BFS memória (KiB)
B6: 1 | C6: 0.007957 | D6: 0.009552 | E6: 1.086 | F6: 2.117
B7: 2 | C7: 0.007731 | D7: 0.009655 | E7: 1.086 | F7: 2.117
B8: 3 | C8: 0.008434 | D8: 0.009878 | E8: 1.086 | F8: 2.117
B9: 4 | C9: 0.008006 | D9: 0.010473 | E9: 1.086 | F9: 2.117
B10: 5 | C10: 0.008135 | D10: 0.009759 | E10: 1.086 | F10: 2.117
B11: 6 | C11: 0.007804 | D11: 0.010616 | E11: 1.086 | F11: 2.117
B12: 7 | C12: 0.008667 | D12: 0.009562 | E12: 1.086 | F12: 2.117
B13: 8 | C13: 0.007644 | D13: 0.009481 | E13: 1.086 | F13: 2.117
B14: 9 | C14: 0.008333 | D14: 0.009405 | E14: 1.086 | F14: 2.117
B15: 10 | C15: 0.007596 | D15: 0.009321 | E15: 1.086 | F15: 2.117
B18: Estatísticas após descartar o menor e o maior valor de cada coluna
B20: Cálculo | C20: DFS tempo | D20: BFS tempo | E20: DFS memória | F20: BFS memória
B21: Média | C21: =(SUM(C6:C15)-MIN(C6:C15)-MAX(C6:C15))/8 -> 0.0080055 | D21: =(SUM(D6:D15)-MIN(D6:D15)-MAX(D6:D15))/8 -> 0.009720625 | E21: =(SUM(E6:E15)-MIN(E6:E15)-MAX(E6:E15))/8 -> 1.086 | F21: =(SUM(F6:F15)-MIN(F6:F15)-MAX(F6:F15))/8 -> 2.117
B22: Desvio padrão | C22: =IF(MAX(C6:C15)=MIN(C6:C15),0,SQRT(MAX(0,(SUMSQ(C6:C15)-MIN(C6:C15)^2-MAX(C6:C15)^2-(SUM(C6:C15)-MIN(C6:C15)-MAX(C6:C15))^2/8)/7))) -> 0.00028198936 | D22: =IF(MAX(D6:D15)=MIN(D6:D15),0,SQRT(MAX(0,(SUMSQ(D6:D15)-MIN(D6:D15)^2-MAX(D6:D15)^2-(SUM(D6:D15)-MIN(D6:D15)-MAX(D6:D15))^2/8)/7))) -> 0.00033959006 | E22: =IF(MAX(E6:E15)=MIN(E6:E15),0,SQRT(MAX(0,(SUMSQ(E6:E15)-MIN(E6:E15)^2-MAX(E6:E15)^2-(SUM(E6:E15)-MIN(E6:E15)-MAX(E6:E15))^2/8)/7))) -> 0 | F22: =IF(MAX(F6:F15)=MIN(F6:F15),0,SQRT(MAX(0,(SUMSQ(F6:F15)-MIN(F6:F15)^2-MAX(F6:F15)^2-(SUM(F6:F15)-MIN(F6:F15)-MAX(F6:F15))^2/8)/7))) -> 0
B25: Tempo: 10 amostras, cada uma com 1.000 execuções; valores em ms por execução.
B26: Memória: 10 execuções individuais; pico de alocações Python via tracemalloc.
B27: Memória transcrita com as três casas decimais exibidas na execução original.
